0.000000000000000000e+00,0.000000000000000000e+00,0.000000000000000000e+00,0.000000000000000000e+00,0.000000000000000000e+00,0.000000000000000000e+00
0.000000000000000000e+00,0.000000000000000000e+00,0.000000000000000000e+00,0.000000000000000000e+00,0.000000000000000000e+00,0.000000000000000000e+00
0.000000000000000000e+00,2.572373401307293580e-03,-2.873681287925141953e-03,3.013078866178489157e-04,-1.878754403298772663e-22,-9.600327385944871504e-19
-6.533470671309353178e-07,7.662441910243871467e-03,-8.472011237367089304e-03,8.012791986182991183e-04,-6.533470671309358472e-07,8.290128504920797340e-06
-4.498784715555413644e-06,1.521840936631881080e-02,-1.665456595567314096e-02,1.405338352901677615e-03,-4.483305125271079958e-06,2.791561053846975253e-05
-1.582321847843183929e-05,2.519085996266160962e-02,-2.728792801420150752e-02,2.025570036953967205e-03,-1.570151704917503496e-05,5.882128510844183798e-05
-4.053854839943552636e-05,3.753206235984572758e-02,-4.024345841671685825e-02,2.578968029815016834e-03,-4.004483479809977888e-05,9.915617816110954691e-05
-8.606967717379032786e-05,5.219513576768679275e-02,-5.539462446427084741e-02,2.985455998025887334e-03,-8.462719107292100934e-05,1.460432583559417266e-04
-1.612509645731856366e-04,6.913312572764619690e-02,-7.261403946095375261e-02,3.165782578880761266e-03,-1.578034266289557214e-04,1.960075305852069236e-04
-2.762288392440812382e-04,8.829803345460315867e-02,-9.177035834058207275e-02,3.039387320638310339e-03,-2.690425008904516642e-04,2.451857446327514330e-04
-4.423689515652447354e-04,1.096398418607975600e-01,-1.127251716026085593e-01,2.522333440241957339e-03,-4.288082470827863919e-04,2.893974860686620936e-04
-6.721671362514459883e-04,1.331055821507768355e-01,-1.353300437588479121e-01,1.525405433349770424e-03,-6.484467618315983535e-04,3.241304603493039803e-04
-9.791645313048328442e-04,1.586384853039358167e-01,-1.594238464435553948e-01,-4.752881643517144553e-05,-9.400806189969693888e-04,3.444762017901183333e-04
-1.377868427682559481e-03,1.861772609587090399e-01,-1.848305347838271051e-01,-2.300794067812598521e-03,-1.316511321298322393e-03,3.450422874038397620e-04
-1.883681717852929340e-03,2.156555405022130834e-01,-2.113575033855572549e-01,-5.347733882190366245e-03,-1.791132664216484515e-03,3.198608285954024594e-04
-2.512845041845340657e-03,2.470015104683019325e-01,-2.387946317179751865e-01,-9.311017498977109189e-03,-2.377858854256463365e-03,2.623088206920492550e-04
-3.282396734601204877e-03,2.801377465832124436e-01,-2.669140868615477169e-01,-1.432238626121197164e-02,-3.091072137894180279e-03,1.650526842180005942e-04
-4.210156297298050382e-03,3.149812392113077730e-01,-2.954708972369193831e-01,-2.052183443814694155e-02,-3.945595202661517434e-03,2.002628401966621233e-05
-5.314737235757150714e-03,3.514435801089827449e-01,-3.242042505272377251e-01,-2.805625882956007747e-02,-4.956693604419720733e-03,-1.815515321386742273e-04
-6.615594717970762519e-03,3.894312617890762218e-01,-3.528394117623498416e-01,-3.707764872872139350e-02,-6.140112952455345149e-03,-4.491173532755191522e-04
-8.133112719595771492e-03,4.288460280883210629e-01,-3.810901133458260426e-01,-4.774091651689354315e-02,-7.512154676029758268e-03,-7.926626682312123019e-04
-9.888734404466291775e-03,4.695852105957744604e-01,-4.086612456586760089e-01,-6.020148458538761294e-02,-9.089793162101825544e-03,-1.222596789374678959e-03
-1.190513878037358607e-02,5.115419917615372514e-01,-4.352516786367187640e-01,-7.461274438787199315e-02,-1.089083624676970979e-02,-1.749580297374290919e-03
-1.420646657418212118e-02,5.546055511975124253e-01,-4.605570701614949969e-01,-9.112348944917463001e-02,-1.293413084769152663e-02,-2.384337687853255953e-03
-1.681859916328220378e-02,5.986610746994061039e-01,-4.842725604898400205e-01,-1.098754001291616378e-01,-1.523981629875002103e-02,-3.137458346488756610e-03
-1.976949660693593999e-02,6.435896327094361435e-01,-5.060953049097890455e-01,-1.310006294048710884e-01,-1.782962998458380299e-02,-4.019194317079369944e-03
-2.308960461072990383e-02,6.892679630601887819e-01,-5.257268507529266888e-01,-1.546195113620191519e-01,-2.072727339981601802e-02,-5.039261809664841857e-03
-2.681234587789274593e-02,7.355682192685930598e-01,-5.428754130457191796e-01,-1.808383915442028644e-01,-2.395885197357493224e-02,-6.206651374213841867e-03
-3.097471903364816884e-02,7.823577687510880896e-01,-5.572581416745950866e-01,-2.097475627197544767e-01,-2.755340912487436872e-02,-7.529449483925407249e-03
-3.561803852677573878e-02,8.294991444721157015e-01,-5.686035013815109451e-01,-2.414192806929221780e-01,-3.154358434808098716e-02,-9.014672175569922799e-03
-4.078886213216741108e-02,8.768502688420316549e-01,-5.766539062291216045e-01,-2.759058303834082682e-01,-3.596643709079651308e-02,-1.066810946846558084e-02
-4.654016958481659028e-02,9.242650806929514351e-01,-5.811687661135194194e-01,-3.132376092129581235e-01,-4.086449333670768430e-02,-1.249417743161980801e-02
-5.293287730928313006e-02,9.715947055365156126e-01,-5.819281189355030026e-01,-3.534211890485932095e-01,-4.628709080602333437e-02,-1.449577270958065170e-02
-6.003780105724078331e-02,1.018689316561723235e+00,-5.787370424861010276e-01,-3.964373058888867596e-01,-5.229212217343998104e-02,-1.667412159140956376e-02
-6.793821113943723788e-02,1.065400839095560714e+00,-5.714310681512489998e-01,-4.422387053300078641e-01,-5.894830393283451153e-02,-1.902861166327586215e-02
-7.673316331551291447e-02,1.111586653849672146e+00,-5.598828548539110939e-01,-4.907477406205917880e-01,-6.633813049039991028e-02,-2.155658783972648138e-02
-8.654182853731096081e-02,1.157114451783702203e+00,-5.440104218002173031e-01,-5.418535812195293122e-01,-7.456170432981487628e-02,-2.425308492137600788e-02
-9.750907472069889059e-02,1.201868379533851394e+00,-5.237872681162398791e-01,-5.954088518238468408e-01,-8.374165095017231664e-02,-2.711045415365150382e-02
-1.098125421924740497e-01,1.245756574452050014e+00,-4.992546922891272776e-01,-6.512255047107757822e-01,-9.402929964316750211e-02,-3.011781948675157014e-02
-1.236713254283939578e-01,1.288720090312852617e+00,-4.705364924653794301e-01,-7.090697722066311437e-01,-1.056121621562866597e-01,-3.326026825369163276e-02
-1.393559519475299213e-01,1.330742991128009978e+00,-4.378558354637041572e-01,-7.686562282112264777e-01,-1.187222988094937953e-01,-3.651764066625056565e-02
-1.571982476548326180e-01,1.371862903631786645e+00,-4.015531464173828224e-01,-8.296414505463677314e-01,-1.336440507102607533e-01,-3.986274163926267766e-02
-1.775970872516781096e-01,1.412180300162817703e+00,-3.621018649367094833e-01,-8.916187736376505191e-01,-1.507170640452386856e-01,-4.325879520387786864e-02
-2.010104172523992649e-01,1.451862751661374462e+00,-3.201149257190156749e-01,-9.541175712369596162e-01,-1.703251008683793200e-01,-4.665611869134557443e-02
-2.279130288625672573e-01,1.491136665564119390e+00,-2.763276073889640583e-01,-1.016613941486699701e+00,-1.928507608982712451e-01,-4.998864278035310832e-02
-2.586824078686804085e-01,1.530253408391669456e+00,-2.315316775271915317e-01,-1.078564578700930809e+00,-2.185604115379483625e-01,-5.317277790910408114e-02
-2.933619556584489141e-01,1.569412642318353202e+00,-1.864281022034218749e-01,-1.139478733203890037e+00,-2.473731645516407673e-01,-5.611523604701751378e-02
-3.312889970444634069e-01,1.608638236121134657e+00,-1.413892128898170952e-01,-1.199031199156775918e+00,-2.785089015307763427e-01,-5.874175797393638154e-02
-3.707561485374840093e-01,1.647660420199628772e+00,-9.623102475702861869e-02,-1.257167085737777246e+00,-3.101894034642256881e-01,-6.105471075993368357e-02
-4.091558169719494709e-01,1.685948096691453513e+00,-5.026858290359447617e-02,-1.314069027100594811e+00,-3.398299606003123419e-01,-6.319187586210057994e-02
-4.439031585633802512e-01,1.722987186288960082e+00,-2.843095928156444407e-03,-1.369899766968330379e+00,-3.649782425139701525e-01,-6.540834996819208658e-02
-4.735055957829131246e-01,1.758607571753708854e+00,4.604822855198353881e-02,-1.424500860449303241e+00,-3.843430627019413515e-01,-6.795034430815410920e-02
-4.978086061499383819e-01,1.793051253251479071e+00,9.561867298279227989e-02,-1.477338988036522194e+00,-3.979750987386133643e-01,-7.093164581085606435e-02
-5.174793199119883669e-01,1.826795364960345225e+00,1.446426283446344829e-01,-1.527691372266374081e+00,-4.067096390507377035e-01,-7.431980333740104139e-02
-5.334240478054078638e-01,1.860348071201943343e+00,1.918644267588699714e-01,-1.574855904182226762e+00,-4.115763479019095006e-01,-7.799900932248333973e-02
-5.464727762142719270e-01,1.894129806722310683e+00,2.362373587666587171e-01,-1.618271079755413622e+00,-4.134923000006326399e-01,-8.183334976101083735e-02
-5.572831347507659627e-01,1.928432647707512881e+00,2.770040185454077375e-01,-1.657552433811171344e+00,-4.131771103680821899e-01,-8.570124445253959888e-02
-5.663455049176359113e-01,1.963422350603426958e+00,3.136888268699954962e-01,-1.692482827285147540e+00,-4.111668498611946720e-01,-8.950671715228461500e-02
-5.740177511906892072e-01,1.999157764140437443e+00,3.460547158650537636e-01,-1.722984315823321788e+00,-4.078546973920050278e-01,-9.317913394908276803e-02
-5.805607499709655173e-01,2.035614504174907413e+00,3.740515859358256034e-01,-1.749086582740919660e+00,-4.035302038980201900e-01,-9.666893350950504782e-02
-5.861666386822268482e-01,2.072707084251955489e+00,3.977689260636192992e-01,-1.770898688932747156e+00,-3.984098359291531888e-01,-9.994280146659419162e-02
-5.909793122783544295e-01,2.110307423319510267e+00,4.173968981298209480e-01,-1.788586353779936688e+00,-3.926588616229942930e-01,-1.029795125064342926e-01
-5.951087486308790364e-01,2.148259416842635439e+00,4.331962574452268844e-01,-1.802354732495397238e+00,-3.864065027825251963e-01,-1.057667029526434960e-01
-5.986408891588226311e-01,2.186389998465508633e+00,4.454758520374047515e-01,-1.812435741334882389e+00,-3.797562904582859611e-01,-1.082984920801910028e-01
-6.016444455687863790e-01,2.224517346866268230e+00,4.545760074931683437e-01,-1.819078781310367932e+00,-3.727931252104683679e-01,-1.105737790820573302e-01
-6.041756120177326217e-01,2.262456885229355841e+00,4.608562154376784625e-01,-1.822543835901677900e+00,-3.655881035405580959e-01,-1.125950428026622346e-01
-6.062813528268200525e-01,2.300025625010277963e+00,4.646858494340603829e-01,-1.823096150987630004e+00,-3.582018340476911256e-01,-1.143674990743731995e-01
-6.080017168892274393e-01,2.337045291173946104e+00,4.664369619985951898e-01,-1.821001940183173851e+00,-3.506867303166167904e-01,-1.158985026135850305e-01
-6.093714815065771617e-01,2.373344561307892953e+00,4.664785025658907403e-01,-1.816524754914876416e+00,-3.430886080354699774e-01,-1.171971094318649265e-01
-6.104213294778292331e-01,2.408760664319725908e+00,4.651715210332287853e-01,-1.809922306924695024e+00,-3.354478076409853626e-01,-1.182737396935457097e-01
-6.111786975746165140e-01,2.443140515836724980e+00,4.628650883890559342e-01,-1.801443635767693507e+00,-3.277999931249115928e-01,-1.191398999098371853e-01
-6.116683908004336701e-01,2.476341514347198736e+00,4.598927846642754669e-01,-1.791326583408109574e+00,-3.201767303695055022e-01,-1.198079378948082863e-01
-6.119130275834422372e-01,2.508232081790936263e+00,4.565696849545271552e-01,-1.779795580199140081e+00,-3.126059165117712757e-01,-1.202908147424898572e-01
-6.119333614169708557e-01,2.538692002509443046e+00,4.531898246844077160e-01,-1.767059767936708381e+00,-3.051121101430435689e-01,-1.206018859077139793e-01
-6.117485112410447901e-01,2.567612593547703881e+00,4.500241519644045951e-01,-1.753311491492553165e+00,-2.977167972123567208e-01,-1.207546888917931660e-01
-6.113761239293802330e-01,2.594896725903045098e+00,4.473189830107360265e-01,-1.738725184966124049e+00,-2.904386170631794162e-01,-1.207627385545810839e-01
-6.108324861773346548e-01,2.620458709142667431e+00,4.452949708247495031e-01,-1.723456665005280275e+00,-2.832935656010854841e-01,-1.206393331101881378e-01
-6.101325989015864426e-01,2.644224049470890403e+00,4.441465821948063497e-01,-1.707642826292442129e+00,-2.762951871829287254e-01,-1.203973747503249425e-01
-6.092902242983326833e-01,2.666129092331914752e+00,4.440420580353082181e-01,-1.691401715279197138e+00,-2.694547628006750406e-01,-1.200492088552853887e-01
-6.083179135209970667e-01,2.686120563489628132e+00,4.451238112537748703e-01,-1.674832940800224268e+00,-2.627814991036806491e-01,-1.196064851384694011e-01
-6.072270212471836404e-01,2.704155025878223206e+00,4.475091982230353649e-01,-1.658018366347427497e+00,-2.562827205131461561e-01,-1.190800430425299206e-01
-6.060277120367998371e-01,2.720198272292269959e+00,4.512915870416372432e-01,-1.641023019923007809e+00,-2.499640649764889311e-01,-1.184798224616755019e-01
-6.047289622436082812e-01,2.734224675480449118e+00,4.565416394462276650e-01,-1.623896154071787334e+00,-2.438296826838773634e-01,-1.178147995824899291e-01
-6.033385602822306515e-01,2.746216517114361544e+00,4.633087237069450914e-01,-1.606672390697171382e+00,-2.378824362451880947e-01,-1.170929464635265121e-01
-6.018631072475371102e-01,2.756163315461292118e+00,4.716223823476700105e-01,-1.589372891756289707e+00,-2.321241003340333009e-01,-1.163212120234354552e-01
-6.003080192184948594e-01,2.764061168693589643e+00,4.814937896877715118e-01,-1.572006506685760918e+00,-2.265555585811794559e-01,-1.155055214468353186e-01
-5.986775320398084466e-01,2.769912127063177465e+00,4.929171482752913169e-01,-1.554570859057550658e+00,-2.211769954814551409e-01,-1.146507906707191771e-01
-5.969747089453482092e-01,2.773723603152212558e+00,5.058709885171109866e-01,-1.537053347183490182e+00,-2.159880812110686332e-01,-1.137609525664636523e-01
-5.952014510483195631e-01,2.775507825544220264e+00,5.203193506428577253e-01,-1.519432045050166602e+00,-2.109881474895555775e-01,-1.128389916374070157e-01
-5.933585104549827793e-01,2.775281337925618708e+00,5.362128413234258373e-01,-1.501676500218966925e+00,-2.061763529253819449e-01,-1.118869844440838202e-01
-5.914455055444456377e-01,2.773064543096655843e+00,5.534895679428089021e-01,-1.483748433613003348e+00,-2.015518366286902230e-01,-1.109061434753791375e-01
-5.894609377841376618e-01,2.768881289795475542e+00,5.720759612222368062e-01,-1.465602352163261290e+00,-1.971138592382356280e-01,-1.098968627332451986e-01
-5.874022093123199006e-01,2.762758499656137623e+00,5.918875015054924082e-01,-1.447186089082054261e+00,-1.928619308764162876e-01,-1.088587638303153970e-01
-5.852656404144994662e-01,2.754725831964349059e+00,6.128293657295891261e-01,-1.428441288260993813e+00,-1.887959259028519354e-01,-1.077907418676965629e-01
-5.830464859538273537e-01,2.744815384991161178e+00,6.347970113690307725e-01,-1.409303849298351174e+00,-1.849161846698332834e-01,-1.066910107354168968e-01
-5.807389497934278833e-01,2.733061434359251862e+00,6.576767110749354162e-01,-1.389704348396479272e+00,-1.812236027779920433e-01,-1.055571477484513465e-01
-5.783361962789749233e-01,2.719500210875811508e+00,6.813460480519097917e-01,-1.369568448333229771e+00,-1.777197085728021153e-01,-1.043861377000857571e-01
-5.758303579393487803e-01,2.704169722288702005e+00,7.056743781623693312e-01,-1.348817308396365711e+00,-1.744067297972856367e-01,-1.031744164967233063e-01
-5.732125387156240537e-01,2.687109625245565958e+00,7.305232609941446631e-01,-1.327368003014398612e+00,-1.712876504105044495e-01,-1.019179145571287720e-01
-5.704728122438234017e-01,2.668361155158038400e+00,7.557468592159310994e-01,-1.305133956158571751e+00,-1.683662585853726856e-01,-1.006121001412048077e-01
-5.676002149905219341e-01,2.647967122551594610e+00,7.811923038410143461e-01,-1.282025397636575414e+00,-1.656471868081110521e-01,-9.925202274481464970e-02
-5.645827343641965923e-01,2.625971984734317921e+00,8.067000226881094749e-01,-1.257949847214547612e+00,-1.631359448161328607e-01,-9.783235668003852081e-02
-5.614072922874517868e-01,2.602422001219531822e+00,8.321040303432579721e-01,-1.232812633018930182e+00,-1.608389458384189008e-01,-9.634744497033063959e-02
-5.580597251009494775e-01,2.577365480303487111e+00,8.572321801041522527e-01,-1.206517451697051158e+00,-1.587635262560359306e-01,-9.479134373558023574e-02
-5.545247610606010014e-01,2.550853122566901554e+00,8.819063814335378337e-01,-1.178966979083346800e+00,-1.569179584004797290e-01,-9.315786732396169612e-02
-5.507859970622330792e-01,2.522938464875292386e+00,9.059427900107478449e-01,-1.150063541305169634e+00,-1.553114557811409724e-01,-9.144063456036623239e-02
-5.468258765525402243e-01,2.493678425718259373e+00,9.291519811921438166e-01,-1.119709857028964084e+00,-1.539541696157324391e-01,-8.963311661548019338e-02
-5.426256708215888569e-01,2.463133949445875270e+00,9.513391212451088874e-01,-1.087809861564871250e+00,-1.528571751744102480e-01,-8.772868714332912599e-02
-5.381654659663721585e-01,2.431370743096554321e+00,9.723041538331526068e-01,-1.054269622517119975e+00,-1.520324461976466646e-01,-8.572067547625356054e-02
-5.334241576947514885e-01,2.398460095009730786e+00,9.918420216924164201e-01,-1.018998354337623979e+00,-1.514928155832080681e-01,-8.360242379414438429e-02
-5.283794557109323664e-01,2.364479759217770205e+00,1.009742945107295675e+00,-9.819095353218008082e-01,-1.512519207500977181e-01,-8.136734929112102166e-02
-5.230078985708462858e-01,2.329514883671340186e+00,1.025792779579295821e+00,-9.429221251685570016e-01,-1.513241326864330771e-01,-7.900901244234762033e-02
-5.172848784810161193e-01,2.293658953671958933e+00,1.039773474958272326e+00,-9.019618742023416402e-01,-1.517244687984811158e-01,-7.652119252376837766e-02
-5.111846733869223058e-01,2.257014714539391065e+00,1.051463657295064413e+00,-8.589627068486511696e-01,-1.524684914306999595e-01,-7.389797155787583560e-02
-5.046804807076560317e-01,2.219695029707110745e+00,1.060639352872615238e+00,-8.138681522625220710e-01,-1.535721964435309284e-01,-7.113382785053988522e-02
-4.977444430999218294e-01,2.181823622418644248e+00,1.067074871463256525e+00,-7.666327846495556431e-01,-1.550518996042301034e-01,-6.822374025027365396e-02
-4.903476516132880825e-01,2.143535641429991312e+00,1.070543863159042708e+00,-7.172236255798486448e-01,-1.569241327844329015e-01,-6.516330420744263774e-02
-4.824601055679110240e-01,2.104977984173224570e+00,1.070820560640295849e+00,-6.656214515877110216e-01,-1.592055669736271994e-01,-6.194886064784836666e-02
-4.740506016269845913e-01,2.066309305351199388e+00,1.067681217279295103e+00,-6.118219440473520176e-01,-1.619129846633061143e-01,-5.857763862603520416e-02
-4.650865172076408260e-01,2.027699635553459334e+00,1.060905752221194653e+00,-5.558366165721062568e-01,-1.650633297964298751e-01,-5.504791273505221794e-02
-4.555334461266608015e-01,1.989329533693982244e+00,1.050279618303757045e+00,-4.976934602273470065e-01,-1.686738685718014441e-01,-5.135917640718642985e-02
-4.453546379409114020e-01,1.951388698990526693e+00,1.035595919878114612e+00,-4.374372612140232652e-01,-1.727624981152215133e-01,-4.751233269014545207e-02
-4.345101876930251295e-01,1.914073972320697647e+00,1.016657828720860746e+00,-3.751295721164327190e-01,-1.773482414010171537e-01,-4.350990505169523292e-02
-4.229559207214568795e-01,1.877586661684434111e+00,9.932813818245371795e-01,-3.108483591048268879e-01,-1.824519647294094993e-01,-3.935627257240942312e-02
-4.106419190962539156e-01,1.842129129657444464e+00,9.652988005702682894e-01,-2.446874062526496751e-01,-1.880973472497522447e-01,-3.505793693158246876e-02
-3.975106440231580551e-01,1.807900578553047088e+00,9.325625530491996606e-01,-1.767556364784620970e-01,-1.943121186683301749e-01,-3.062383329007217075e-02
-3.834946258984146539e-01,1.775091957421681022e+00,8.949504961858391061e-01,-1.071766075834831300e-01,-2.011295582299510165e-01,-2.606570377479672240e-02
-3.685137283563246213e-01,1.743879890911693931e+00,8.523725847273714296e-01,-3.608856013020174391e-02,-2.085902089667275028e-01,-2.139856044859082471e-02
-3.524720610457686143e-01,1.714419494617873907e+00,8.047798134398642667e-01,3.635447501868865200e-02,-2.167436930339791956e-01,-1.664127263324371997e-02
-3.352547515543056744e-01,1.686835906985765243e+00,7.521762373049714068e-01,1.099798760277218013e-01,-2.256503907230450190e-01,-1.181731618048412549e-02
-3.167250554746622315e-01,1.661214369405523250e+00,6.946350128337769325e-01,1.845912259520232079e-01,-2.353825180516512239e-01,-6.955707622957031655e-03
-2.967228064899406492e-01,1.637588803271213589e+00,6.323192451136897541e-01,2.599600602125846094e-01,-2.460237174764653423e-01,-2.092087489932468146e-03
-2.750661917662289291e-01,1.615929219619645307e+00,5.655076632771316447e-01,3.358143104865670692e-01,-2.576655212783948712e-01,2.730239568661537754e-03
-2.515605747710860651e-01,1.596129208271453770e+00,4.946231958226567360e-01,4.118242121435747860e-01,-2.703977771679641484e-01,7.459853265163050168e-03
-2.260208024399292248e-01,1.577996501032964849e+00,4.202586231914754999e-01,4.875884973470391293e-01,-2.842882736201806093e-01,1.203859295069827431e-02
-1.983165981092336883e-01,1.561252251774915001e+00,3.431873514388833479e-01,5.626269600636951695e-01,-2.993449830590156902e-01,1.640711643472196613e-02
-1.684510747122862084e-01,1.545547112409748181e+00,2.643411048806710850e-01,6.363889153052277869e-01,-3.154552839490470384e-01,2.051813654268167322e-02
-1.366712645588719355e-01,1.530500491735974800e+00,1.847380731594592262e-01,7.082866582740221517e-01,-3.323069968066726942e-01,2.436003769491879717e-02
-1.035741999938850494e-01,1.515756914145063527e+00,1.053691654813987272e-01,7.777515393443892311e-01,-3.493242622121972563e-01,2.798657372802683743e-02
-7.011974867750828122e-02,1.501029964163623109e+00,2.709890781160644371e-02,8.442861526828846497e-01,-3.656874196393519738e-01,3.153288586594225201e-02
-3.746029225716313721e-02,1.486094672675414952e+00,-4.933746034126523100e-02,9.074726152019508829e-01,-3.804948626673761436e-01,3.518805143152431425e-02
-6.627030237491865483e-03,1.470728982755854952e+00,-1.232337023769838613e-01,9.669313271450302727e-01,-3.930151817697951078e-01,3.911983256528905883e-02
2.172885127241734604e-02,1.454664554507313801e+00,-1.938242054665337000e-01,1.022283532007658424e+00,-4.028669033467242033e-01,4.339980791333630794e-02
4.738482788653747280e-02,1.437598882403492873e+00,-2.603128159691917576e-01,1.073167442763956814e+00,-4.100209411022328609e-01,4.798497321436320795e-02
7.042705414888858484e-02,1.419252377621444960e+00,-3.219880255994583274e-01,1.119292257746751451e+00,-4.146800146323287861e-01,5.275628023716253528e-02
9.109519902673909875e-02,1.399421363449276923e+00,-3.783253665878303917e-01,1.160481831331613423e+00,-4.171464009011977558e-01,5.757255275761755109e-02
1.096720653377601523e-01,1.378000746925262421e+00,-4.290245836243448685e-01,1.196684021276216203e+00,-4.177354434017046536e-01,6.230795498170986491e-02
1.264271838334129205e-01,1.354979550242338737e+00,-4.739907353580458116e-01,1.227952701417246217e+00,-4.167353554513330560e-01,6.686729094554272335e-02
1.415958906973765197e-01,1.330422809632297643e+00,-5.132894483685678244e-01,1.254419146671883478e+00,-4.143951437567527929e-01,7.118661195369888062e-02
1.553760099571335207e-01,1.304450625933857300e+00,-5.470995798404483246e-01,1.276264834730626019e+00,-4.109254207229940392e-01,7.522741924601784869e-02
1.679315265950052927e-01,1.277219726675134392e+00,-5.756740897901672094e-01,1.293700647584372199e+00,-4.065036736239831527e-01,7.896954800969101240e-02
1.793981998004855194e-01,1.248909125683544508e+00,-5.993115193668098195e-01,1.306952938273438836e+00,-4.012802396060491383e-01,8.240498355757486237e-02
1.898890657968160256e-01,1.219709676480406291e+00,-6.183366989716859718e-01,1.316255072409541205e+00,-3.953836132377786527e-01,8.553324698894880507e-02
1.994991518075422965e-01,1.189816740300260856e+00,-6.330883022480352507e-01,1.321842719580062386e+00,-3.889247414690152893e-01,8.835827158956684191e-02
2.083092837869334468e-01,1.159425160549880651e+00,-6.439110438853432594e-01,1.323951444378945963e+00,-3.820003498479027093e-01,9.088645471920166197e-02
2.163890726269773190e-01,1.128725885286770092e+00,-6.511508421578059425e-01,1.322815557333867131e+00,-3.746954628441250823e-01,9.312554609728027066e-02
2.237992187262189958e-01,1.097903749964869391e+00,-6.551517804719518834e-01,1.318667548603125184e+00,-3.670852958161562873e-01,9.508408641103173464e-02
2.305932745121177241e-01,1.067136072597002272e+00,-6.562541021013790221e-01,1.311737696748425552e+00,-3.592366752022133625e-01,9.677117994574893634e-02
2.368189860768553645e-01,1.036591814975591719e+00,-6.547927536073145927e-01,1.302253628204954161e+00,-3.512091137570406696e-01,9.819644854813223966e-02
2.425193129600984321e-01,1.006431133490004903e+00,-6.510961799008282425e-01,1.290439720917517796e+00,-3.430556389061996669e-01,9.937006513941422370e-02
2.477332044419174040e-01,9.768051907037842430e-01,-6.454851952590950903e-01,1.276516318012303142e+00,-3.348234476713941032e-01,1.003028031011731630e-01
2.524961930200611548e-01,9.478561320689277148e-01,-6.382718324239061713e-01,1.260698759908451594e+00,-3.265544417328897220e-01,1.010060651571701856e-01
2.568408512250040521e-01,9.197171565482672451e-01,-6.297581223411360396e-01,1.243196266985451270e+00,-3.182856807246108866e-01,1.014918742091083792e-01
2.607971463127050082e-01,8.925126290659970429e-01,-6.202347908695156065e-01,1.224210717213849220e+00,-3.100497801909773421e-01,1.017728210416585372e-01
2.643927182888503036e-01,8.663581986659898426e-01,-6.099798825336690822e-01,1.203935368740232770e+00,-3.018752720906627829e-01,1.018619715906577405e-01
2.676530997718765126e-01,8.413609000284587580e-01,-5.992573388465988193e-01,1.182553579083730266e+00,-2.937869396527396093e-01,1.017727408955550750e-01
2.706018910322702808e-01,8.176192278951600612e-01,-5.883155716219297116e-01,1.160237571807653856e+00,-2.858061341799623678e-01,1.015187429497498017e-01
2.732608998203327477e-01,7.952231839016883352e-01,-5.773860805201758151e-01,1.137147298860457623e+00,-2.779510785409594620e-01,1.011136261864583469e-01
2.756502530120558125e-01,7.742543030575215202e-01,-5.666821686444785122e-01,1.113429442324297414e+00,-2.702371601805604873e-01,1.005709038589359394e-01
2.777884853911415375e-01,7.547856723949336599e-01,-5.563978099596640359e-01,1.089216592977387155e+00,-2.626772151843271286e-01,9.990378749959909210e-02
2.796926098034981378e-01,7.368819570012338227e-01,-5.467067174969002519e-01,1.064626634848580888e+00,-2.552818040300801061e-01,9.912503025716722094e-02
2.813781722610597669e-01,7.205994488416843646e-01,-5.377616520228797325e-01,1.039762355036811359e+00,-2.480594789971728997e-01,9.824678540620564171e-02
2.828592951632557528e-01,7.059861517993580859e-01,-5.296939979517432118e-01,1.014711287007794782e+00,-2.410170427002635285e-01,9.728048382475121270e-02
2.841487115146858478e-01,6.930819127415477343e-01,-5.226136181143122839e-01,9.895457841636555729e-01,-2.341597968326209200e-01,9.623673282304727461e-02
2.852577927540618230e-01,6.819186038461004795e-01,-5.166089832385896141e-01,9.643233096645800195e-01,-2.274917799377144390e-01,9.512523743054548953e-02
2.861965725173573616e-01,6.725203565963508989e-01,-5.117475573485062990e-01,9.390869192175178570e-01,-2.210159928825674303e-01,9.395474414171825495e-02
2.869737683148564922e-01,6.649038434210605697e-01,-5.080764082342960064e-01,9.138659066165468747e-01,-2.147346106874798710e-01,9.273300620453370224e-02
2.875968027096174051e-01,6.590785994016860050e-01,-5.056230037188285120e-01,8.886765777054213000e-01,-2.086491794716753834e-01,9.146676882045452761e-02
2.880718251618255565e-01,6.550473740759701347e-01,-5.043961501068054964e-01,8.635231172575386083e-01,-2.027607974898463783e-01,9.016177211505577160e-02
2.884037352748725636e-01,6.528065022075613122e-01,-5.043870288603553576e-01,8.383985148057037096e-01,-1.970702795374160154e-01,8.882276942865903469e-02
2.885962077701677564e-01,6.523462823603484173e-01,-5.055702906303564115e-01,8.132855191999438516e-01,-1.915783043634305405e-01,8.745355835258279698e-02
2.886517191493920276e-01,6.536513529823588797e-01,-5.079051714137475804e-01,7.881575969525265180e-01,-1.862855451184217415e-01,8.605702197592704494e-02
2.885715756887931582e-01,6.567010571731335400e-01,-5.113366027967483074e-01,7.629798755171652846e-01,-1.811927832516943837e-01,8.463517798030770201e-02
2.883559421563984260e-01,6.614697890804667191e-01,-5.157962960027383525e-01,7.377100588627555355e-01,-1.763010066346989146e-01,8.318923349094087261e-02
2.880038704494644053e-01,6.679273166859420741e-01,-5.212037869578843852e-01,7.122993084788576956e-01,-1.716114930073590339e-01,8.171964392547047262e-02
2.875133272110163563e-01,6.760390773986703072e-01,-5.274674362000721928e-01,6.866930878878596545e-01,-1.671258801120360238e-01,8.022617444175560164e-02
2.868812193927072207e-01,6.857664442657122050e-01,-5.344853828109001892e-01,6.608319726037935604e-01,-1.628462240909662184e-01,7.870796294133312887e-02
2.861034166762809750e-01,6.970669616846496552e-01,-5.421464554993311591e-01,6.346524301925785538e-01,-1.587750478784293318e-01,7.716358391137900785e-02
2.851747696363187146e-01,7.098945502927417328e-01,-5.503310465552289088e-01,6.080875767031092005e-01,-1.549153814237560767e-01,7.559111266692580822e-02
2.840891225104011375e-01,7.241996812812766526e-01,-5.589119558112524144e-01,5.810679163952072734e-01,-1.512707956442318480e-01,7.398818977668408792e-02
2.828393194259671284e-01,7.399295208469157670e-01,-5.677552122821160063e-01,5.535220715859193730e-01,-1.478454320396744293e-01,7.235208561701884922e-02
2.814172029011426934e-01,7.570280459603704326e-01,-5.767208811091258935e-01,5.253775087874615890e-01,-1.446440299173950561e-01,7.067976510245455035e-02
2.798136033729188288e-01,7.754361332193379086e-01,-5.856638631373859427e-01,4.965612663279405647e-01,-1.416719531944666266e-01,6.896795269507177695e-02
2.780183183912597888e-01,7.950916233533659172e-01,-5.944346941655233030e-01,4.670006875109443123e-01,-1.389352187833267360e-01,6.721319780975659741e-02
2.760200799304932673e-01,8.159293650337695603e-01,-6.028803508438790315e-01,4.366241622227134411e-01,-1.364405286487216373e-01,6.541194071922207254e-02
2.738065079855023232e-01,8.378812430519216869e-01,-6.108450704962861133e-01,4.053618788323200550e-01,-1.341953077729438892e-01,6.356057903379190577e-02
2.713640482130275644e-01,8.608761976725599618e-01,-6.181711928731352668e-01,3.731465873078277373e-01,-1.322077505080297422e-01,6.165553479700293382e-02
2.686778908185519787e-01,8.848402440239006017e-01,-6.247000330221885722e-01,3.399143737173591084e-01,-1.304868781550080625e-01,5.969332220881380657e-02
2.657318671453879899e-01,9.096965027064229936e-01,-6.302727960618678127e-01,3.056054457113920875e-01,-1.290426111187810976e-01,5.767061597224044933e-02
2.625083194617803817e-01,9.353652553198468222e-01,-6.347315466144100027e-01,2.701649282059816470e-01,-1.278858596694681660e-01,5.558432026486549715e-02
2.589879382307064271e-01,9.617640412404255823e-01,-6.379202479603067744e-01,2.335436683369943034e-01,-1.270286382215630450e-01,5.343163837286480505e-02
2.551495596539375410e-01,9.888078146345902208e-01,-6.396858885859605381e-01,1.956990488915607007e-01,-1.264842091408304725e-01,5.121014310286652743e-02
2.509699144808503202e-01,1.016409183268235372e+00,-6.398797167157763699e-01,1.565958099364475609e-01,-1.262672634163718166e-01,4.891784822020881635e-02
2.464233169505843368e-01,1.044478753053385445e+00,-6.383586066751232302e-01,1.162068793752022433e-01,-1.263941470863179650e-01,4.655328136937033484e-02
2.414812803074230241e-01,1.072925604343593964e+00,-6.349865845565276778e-01,7.451421481322334506e-02,-1.268831440455018000e-01,4.411555923685260561e-02
2.361120426597281829e-01,1.101657927602289977e+00,-6.296365446615381778e-01,3.150966151489489192e-02,-1.277548277050908898e-01,4.160446614685728295e-02
2.302799842064728597e-01,1.130583847037718304e+00,-6.221921924665945181e-01,-1.280416554091588083e-02,-1.290324957363261915e-01,3.902053786761051912e-02
2.239449143782630269e-01,1.159612460855391491e+00,-6.125502540952107999e-01,-5.841296354156706033e-02,-1.307427034634470742e-01,3.636515318302763200e-02
2.170612059104644331e-01,1.188655125502742660e+00,-6.006229957442972278e-01,-1.052897713316156003e-01,-1.329159117233650322e-01,3.364063677428980048e-02
2.095767535666954451e-01,1.217627007975567111e+00,-5.863410977762015808e-01,-1.533939261883312255e-01,-1.355872629937461826e-01,3.085037815706654502e-02
2.014317405251378201e-01,1.246448923749955862e+00,-5.696569246490372773e-01,-2.026699253552100566e-01,-1.387974931703170323e-01,2.799897276974532348e-02
1.925572096064219196e-01,1.275049466221117811e+00,-5.505482190478552251e-01,-2.530461718774224544e-01,-1.425939717532936912e-01,2.509239261010597077e-02
1.828734671735775807e-01,1.303367413380529971e+00,-5.290222191262352602e-01,-3.044335946317349162e-01,-1.470318337333108571e-01,2.213819459953329793e-02
1.722884079560246529e-01,1.331354363470415691e+00,-5.051201399175976325e-01,-3.567241572804920047e-01,-1.521751107112054024e-01,1.914577408542440795e-02
1.606959618164719161e-01,1.358977494984008327e+00,-4.789218556254475900e-01,-4.097893194348931067e-01,-1.580976675828149047e-01,1.612666645851281236e-02
1.479750654442284763e-01,1.386222254625570027e+00,-4.505504419833824548e-01,-4.634785986217894171e-01,-1.648835737089874853e-01,1.309488760884428352e-02
1.339899092986404083e-01,1.413094631235092047e+00,-4.201759506409296629e-01,-5.176185206668677541e-01,-1.726262380497749216e-01,1.006727610416597793e-02
1.185927777051720561e-01,1.439622451546614279e+00,-3.880173475224314439e-01,-5.720124573090924480e-01,-1.814251577015670303e-01,7.063742979920272988e-03
1.016316574723084704e-01,1.465854817188382730e+00,-3.543409232484758808e-01,-6.264421434869175132e-01,-1.913784210822345455e-01,4.107227834349793869e-03
8.296591143894291309e-02,1.491858408993452789e+00,-3.194527154362000188e-01,-6.806720165896266161e-01,-2.025682169723113657e-01,1.222977566325882549e-03
6.249433332803831093e-02,1.517709044894963277e+00,-2.836818262714687622e-01,-7.344577961112399578e-01,-2.150358813191664553e-01,-1.563499611793210155e-03
4.019962848725568139e-02,1.543476988539882910e+00,-2.473517332745098496e-01,-7.875605637159177608e-01,-2.287435351565918484e-01,-4.230713482567977426e-03
1.620919869100182625e-02,1.569205913391655605e+00,-2.107393755045594563e-01,-8.397662771099487777e-01,-2.435233690540638540e-01,-6.768547357332931232e-03
-9.139519724517760485e-03,1.594889277739835798e+00,-1.740291104931250277e-01,-8.909072005345028966e-01,-2.590259947444192301e-01,-9.188421469005845013e-03
-3.526020410696435736e-02,1.620454214431797935e+00,-1.372807018389231581e-01,-9.408761890102442793e-01,-2.746956075099912242e-01,-1.153303140856774649e-02
-6.135052681334263180e-02,1.645767775214372008e+00,-1.004396189089093588e-01,-9.896207618635206593e-01,-2.898101757141174351e-01,-1.387833851782962341e-02
-8.652312871739582800e-02,1.670674441562345791e+00,-6.340695306650456775e-02,-1.037109365286677187e+00,-3.036054310582149141e-01,-1.631980080767364560e-02
-1.099974712826480572e-01,1.695053360619245275e+00,-2.614739725148702149e-02,-1.083280612178227020e+00,-3.154446272229837200e-01,-1.894330162133015666e-02
-1.312573683788477719e-01,1.718864794527870110e+00,1.122311886133991327e-02,-1.128003489975003326e+00,-3.249486339919955835e-01,-2.179509340534308351e-02
-1.500984889904263542e-01,1.742161056532472996e+00,4.841836177587278273e-02,-1.171071321158887901e+00,-3.320238672425196436e-01,-2.486870605953130087e-02
-1.665712670985404487e-01,1.765063244415363553e+00,8.502942300979993151e-02,-1.212228011979641140e+00,-3.367992782823444609e-01,-2.811375703945175400e-02
-1.808798729582669351e-01,1.787723474907701560e+00,1.206007498894321461e-01,-1.251207490020761037e+00,-3.395296277655067141e-01,-3.145667572569692955e-02
-1.932914785196938601e-01,1.810290981214200512e+00,1.546982288344048717e-01,-1.287768270387224634e+00,-3.405128455515498143e-01,-3.482053719852166301e-02
-2.040771695805999042e-01,1.832889972668346523e+00,1.869533838988923780e-01,-1.321715249872879472e+00,-3.400384587899732969e-01,-3.813753961843220630e-02
-2.134822153134653400e-01,1.855609065776920641e+00,2.170839298931168670e-01,-1.352908965371500516e+00,-3.383632600927315992e-01,-4.135404561709051657e-02
-2.217156599377197446e-01,1.878498980774204519e+00,2.448973386757794246e-01,-1.381265850301505616e+00,-3.357042557446234810e-01,-4.443078537479121237e-02
-2.289501643839424450e-01,1.901575090444393323e+00,2.702844273137035569e-01,-1.406753240909945246e+00,-3.322403980816164837e-01,-4.734079725859689086e-02
-2.353262321128297141e-01,1.924822302764372939e+00,2.932082124206601970e-01,-1.429381980069549751e+00,-3.281177897343329208e-01,-5.006676255295181704e-02
-2.409576688466263383e-01,1.948200695192167986e+00,3.136913527996441076e-01,-1.449198441523542380e+00,-3.234556006912678305e-01,-5.259854232433365528e-02
-2.459368290805128976e-01,1.971651018331910032e+00,3.318040280915087736e-01,-1.466276987218188443e+00,-3.183514923175804201e-01,-5.493119539603264628e-02
-2.503391140639483758e-01,1.995099641770251120e+00,3.476531252022659890e-01,-1.480713321433891894e+00,-3.128861509268698882e-01,-5.706349571361207101e-02
-2.542266181594711738e-01,2.018462785586729424e+00,3.613730197631589980e-01,-1.492618872674436714e+00,-3.071269029431470399e-01,-5.899686780481273873e-02
-2.576509982435022383e-01,2.041650028975102060e+00,3.731179239478499277e-01,-1.502116155391266084e+00,-3.011305258913088978e-01,-6.073463857427722351e-02
-2.606556961527866645e-01,2.064567159373616345e+00,3.830556252067835454e-01,-1.509334983872159697e+00,-2.949454055224910443e-01,-6.228151494817477790e-02
-2.632776463998670047e-01,2.087118453338286717e+00,3.913623922082979378e-01,-1.514409389044218512e+00,-2.886131814712277199e-01,-6.364321686183685434e-02
-2.655485840526693453e-01,2.109208484387943727e+00,3.982188281993568890e-01,-1.517475097806217699e+00,-2.821700013087371506e-01,-6.482621429760242193e-02
-2.674960458205763447e-01,2.130743545426479812e+00,4.038064798174085257e-01,-1.518667456572320607e+00,-2.756474783719913835e-01,-6.583753257907122569e-02
-2.691441370247267817e-01,2.151632761072354239e+00,4.083050449893497746e-01,-1.518119706129340551e+00,-2.690734270589350552e-01,-6.668460166910487874e-02
-2.705141201560895547e-01,2.171788952019707786e+00,4.118900585289854699e-01,-1.515961538618786131e+00,-2.624724316269511082e-01,-6.737513346175867668e-02
-2.716248673162509064e-01,2.191129301240710259e+00,4.147309645329061989e-01,-1.512317887259362781e+00,-2.558662907519535512e-01,-6.791701681036044214e-02
-2.724932085407368865e-01,2.209575861180354650e+00,4.169895093497798522e-01,-1.507307914731419674e+00,-2.492743695796148518e-01,-6.831822398929873752e-02
-2.731342002203968056e-01,2.227055932303469099e+00,4.188184077408881878e-01,-1.501044177175119287e+00,-2.427138830455143892e-01,-6.858672497157866643e-02
-2.735613319960703005e-01,2.243502336366415495e+00,4.203602484551444696e-01,-1.493631948099488849e+00,-2.362001282551041970e-01,-6.873040769394675453e-02
-2.737866861327984958e-01,2.258853602415997308e+00,4.217466146478366928e-01,-1.485168690876192521e+00,-2.297466792115849810e-01,-6.875700363892268963e-02
-2.738210601095941721e-01,2.273054079529512439e+00,4.230974002742491913e-01,-1.475743670619710901e+00,-2.233655537855234741e-01,-6.867401877112795650e-02
-2.736740607041009965e-01,2.286053987454099268e+00,4.245203066507141076e-01,-1.465437696800435674e+00,-2.170673602525763912e-01,-6.848867025265893693e-02
-2.733541759938644122e-01,2.297809414337383505e+00,4.261105045857674356e-01,-1.454322987484288454e+00,-2.108614287761431949e-01,-6.820782952192575022e-02
-2.728688302779621044e-01,2.308282269438084011e+00,4.279504475350466297e-01,-1.442463145134481595e+00,-2.047559317266452183e-01,-6.783797232169307134e-02
-2.722244258270125616e-01,2.317440197861631024e+00,4.301098207059715905e-01,-1.429913232842003890e+00,-1.987579955961162603e-01,-6.738513615832321391e-02
-2.714263745104469328e-01,2.325256463809166174e+00,4.326456103917392104e-01,-1.416719938965098624e+00,-1.928738064037498201e-01,-6.685488550740531499e-02
-2.704791216655139108e-01,2.331709808420050045e+00,4.356022773833561068e-01,-1.402921817649929626e+00,-1.871087098346221056e-01,-6.625228488436299412e-02
-2.693861640184220807e-01,2.336784287926219061e+00,4.390120183056342995e-01,-1.388549592678933742e+00,-1.814673068651312948e-01,-6.558187969836526410e-02
-2.681500630126933404e-01,2.340469097454930925e+00,4.428950992482621474e-01,-1.373626512573903113e+00,-1.759535452707998160e-01,-6.484768462357363983e-02
-2.667724545206713871e-01,2.342758385380112163e+00,4.472602471207523522e-01,-1.358168745826602741e+00,-1.705708071586520824e-01,-6.405317906712963694e-02
-2.652540555949510770e-01,2.343651062623246961e+00,4.521050856811449914e-01,-1.342185806452414809e+00,-1.653219924964298704e-01,-6.320130919650550350e-02
-2.635946686453063403e-01,2.343150610753011787e+00,4.574166050544417050e-01,-1.325681001645123924e+00,-1.602095985073283824e-01,-6.229449591317037793e-02
-2.617931831942981180e-01,2.341264892150392463e+00,4.631716556245123462e-01,-1.308651895025316314e+00,-1.552357947474766187e-01,-6.133464812408408184e-02
-2.598475751637162046e-01,2.338005964918582258e+00,4.693374593061157563e-01,-1.291090780696589446e+00,-1.504024936720569361e-01,-6.032318066323022476e-02
-2.577549034679469386e-01,2.333389904648317525e+00,4.758721332496830825e-01,-1.272985164943956971e+00,-1.457114165146495277e-01,-5.926103624596411323e-02
-2.555113035333998472e-01,2.327436634616641076e+00,4.827252228957106817e-01,-1.254318253841822939e+00,-1.411641543446145730e-01,-5.814871089195317727e-02
-2.531119772195571382e-01,2.320169765508309556e+00,4.898382429074933930e-01,-1.235069446226214840e+00,-1.367622242220792317e-01,-5.698628232029038371e-02
-2.505511784811752518e-01,2.311616445301700296e+00,4.971452258366960697e-01,-1.215214832396916300e+00,-1.325071204337200381e-01,-5.577344089589530290e-02
-2.478221939763986525e-01,2.301807219542763683e+00,5.045732794168668045e-01,-1.194727699544592125e+00,-1.284003608606177349e-01,-5.450952278365248788e-02
-2.449173176851047740e-01,2.290775901820770510e+00,5.120431541658837515e-01,-1.173579045262183040e+00,-1.244435285987990497e-01,-5.319354504142824458e-02
-2.418278184478779291e-01,2.278559453832266435e+00,5.194698235619973348e-01,-1.151738100630976813e+00,-1.206383090215587400e-01,-5.182424245232582910e-02
-2.385438991596643410e-01,2.265197873946202201e+00,5.267630795055993076e-01,-1.129172864312188773e+00,-1.169865225392137803e-01,-5.040010595902317397e-02
-2.350546461432235223e-01,2.250734092635996220e+00,5.338281461611190659e-01,-1.105850648871584463e+00,-1.134901533764629961e-01,-4.891942261890190602e-02
-2.313479669743881695e-01,2.235213872499465015e+00,5.405663156588550455e-01,-1.081738640264557239e+00,-1.101513747506978891e-01,-4.738031704914421466e-02
-2.274105147209365130e-01,2.218685709827859398e+00,5.468756095847426835e-01,-1.056804471055575956e+00,-1.069725708977279921e-01,-4.578079437807545948e-02
-2.232275961753272531e-01,2.201200733801833564e+00,5.526514707440176588e-01,-1.031016807577161742e+00,-1.039563564560277154e-01,-4.411878476531697069e-02
-2.187830611934087621e-01,2.182812598386087100e+00,5.577874903849052712e-01,-1.004345950881897931e+00,-1.011055937882106570e-01,-4.239218960162719624e-02
-2.140591696807956079e-01,2.163577360877070976e+00,5.621761769288651234e-01,-9.767644510340053321e-01,-9.842340888962564094e-02,-4.059892955261962949e-02
-2.090364320807433784e-01,2.143553339851645756e+00,5.657097732794990064e-01,-9.482477340491614060e-01,-9.591320660772083284e-02,-3.873699467186243750e-02
-2.036934183990956049e-01,2.122800944001533185e+00,5.682811309667168409e-01,-9.187747406457418275e-01,-9.357868596822788154e-02,-3.680449688119716289e-02
-1.980065298453123901e-01,2.101382462062034939e+00,5.697846507097497071e-01,-8.883285759407065774e-01,-9.142385646683101608e-02,-3.479972520244772882e-02
-1.919497260755725632e-01,2.079361802808213255e+00,5.701173004244155518e-01,-8.568971693316479454e-01,-8.945305622249349886e-02,-3.272120422787638122e-02
-1.854941998139199577e-01,2.056804172964971755e+00,5.691797232125092032e-01,-8.244739440719008883e-01,-8.767097287557223950e-02,-3.056775643919815502e-02
-1.786079893504688154e-01,2.033775679943500947e+00,5.668774493820485372e-01,-7.910584964756363080e-01,-8.608266800999443691e-02,-2.833856912796443167e-02
-1.712555181739186250e-01,2.010342845683800395e+00,5.631222279349449300e-01,-7.566572852672804883e-01,-8.469360562219239996e-02,-2.603326683237189645e-02
-1.633970499786276953e-01,1.986572017696423664e+00,5.578334940181278734e-01,-7.212843322512421107e-01,-8.350968465661243179e-02,-2.365199038049442884e-02
-1.549880468291883473e-01,1.962528663858631006e+00,5.509399892216328976e-01,-6.849619360827551295e-01,-8.253727473831946881e-02,-2.119548380098041848e-02
-1.459784189426122092e-01,1.938276538923683123e+00,5.423815507586096096e-01,-6.477214012040630742e-01,-8.178325274890618779e-02,-1.866519049448530851e-02
-1.363116573271022924e-01,1.913876713482642877e+00,5.321110825717902948e-01,-6.096037835198542254e-01,-8.125503550333958158e-02,-1.606336008520049471e-02
-1.259238470004449550e-01,1.889386460933475176e+00,5.200967148549690000e-01,-5.706606523937168829e-01,-8.096060003667486515e-02,-1.339316716861769369e-02
-1.147425713224869831e-01,1.864858005861255830e+00,5.063241461650324071e-01,-5.309548639314857210e-01,-8.090847723522230639e-02,-1.065884252159942508e-02
-1.026857413397676971e-01,1.840337149627709445e+00,4.907991409257195792e-01,-4.905613316083495823e-01,-8.110769579185025946e-02,-7.865815870187437692e-03
-8.966042463631870851e-02,1.815861808169975555e+00,4.735501198175959825e-01,-4.495677646894346013e-01,-8.156764040064627685e-02,-5.020866393190268236e-03
-7.556181629941265132e-02,1.791460526328263247e+00,4.546307243301915824e-01,-4.080753192440496613e-01,-8.229776898099964988e-02,-2.132271754565298084e-03
-6.027260545192196506e-02,1.767151077125791891e+00,4.341221500302336889e-01,-3.661990664324604738e-01,-8.330710646155417565e-02,7.900630010958748298e-04
-4.366316538131159719e-02,1.742939319450911073e+00,4.121349136090330934e-01,-3.240681227505148865e-01,-8.460339537067573801e-02,3.734531281475395644e-03
-2.559325906659562500e-02,1.718818580542610386e+00,3.888095330193264143e-01,-2.818252015607995431e-01,-8.619173593085840968e-02,6.687865735975706029e-03
-5.916326849078080811e-03,1.694769955794338756e+00,3.643153487268269153e-01,-2.396252317315241964e-01,-8.807249542032288825e-02,9.635393157243172385e-03
1.551209610393053384e-02,1.670764073773097325e+00,3.388464068881176794e-01,-1.976325545040810150e-01,-9.023822543465763457e-02,1.256165663492332316e-02
3.881978614849383724e-02,1.646765029060708763e+00,3.126130235607879615e-01,-1.560160858187593647e-01,-9.266933865364018752e-02,1.545162116228493421e-02
6.409477655968764953e-02,1.622737251276117565e+00,2.858275283273410405e-01,-1.149418034496774432e-01,-9.532844898997627769e-02,1.829272427171226706e-02
9.135220178173555916e-02,1.598655862401910266e+00,2.586831241548409044e-01,-7.456216382855571090e-02,-9.815370979920190475e-02,2.107799133339016001e-02
1.204919829964511274e-01,1.574520252258517550e+00,2.313264283286057543e-01,-3.500286069990346527e-02,-1.010523520806405617e-01,2.381017214914437838e-02
1.512539543464439529e-01,1.550368826298660574e+00,2.038277519044178754e-01,3.650995862725790742e-03,-1.038969419599060084e-01,2.650619909192905577e-02
1.831855417051495849e-01,1.526290219842225016e+00,1.761584054700337243e-01,4.136476558105867118e-02,-1.065281590474465162e-01,2.920017892351075423e-02
2.156443184796041357e-01,1.502424007067867606e+00,1.481888166614644675e-01,7.815369761657721404e-02,-1.087678201576513931e-01,3.194208927610681786e-02
2.478546088322605423e-01,1.478944854644925977e+00,1.197195500451949668e-01,1.140663311584755035e-01,-1.104427496355585986e-01,3.478962900904543354e-02
2.790163312338436175e-01,1.456030496649430850e+00,9.054475078167410762e-02,1.491524942780648177e-01,-1.114139742990190446e-01,3.779356368203434791e-02
3.084331972687573420e-01,1.433823524670597482e+00,6.052835066506175726e-02,1.834258235689514016e-01,-1.116004865163078563e-01,4.098156762005389364e-02
3.356111745384801615e-01,1.412402176395896491e+00,2.966254324362603209e-02,2.168359414332890200e-01,-1.109879098795050895e-01,4.434810247520336313e-02
3.602942526505462095e-01,1.391770631367148292e+00,-1.913147198859158765e-03,2.492609711002964634e-01,-1.096202213119878144e-01,4.785504029197986536e-02
3.824394803447129787e-01,1.371868695013647832e+00,-3.393254484989254027e-02,2.805203262269819198e-01,-1.075808614441259026e-01,5.144155669084871790e-02
4.021579718671510761e-01,1.352592890910572443e+00,-6.604723999626280206e-02,3.103993810191902902e-01,-1.049721220976541636e-01,5.503761394585188205e-02
4.196507337092070800e-01,1.333819831371541031e+00,-9.787591001737559748e-02,3.386761525196932410e-01,-1.018988925130459577e-01,5.857561213114052812e-02
4.351566459367792183e-01,1.315425904677467228e+00,-1.290459782057135352e-01,3.651433865049930616e-01,-9.845865129189168563e-02,6.199764358759111277e-02
4.489176810089516856e-01,1.297301029183504761e+00,-1.592227112660698218e-01,3.896234942292412518e-01,-9.473683194857487888e-02,6.525843414405761711e-02
4.611592997880910039e-01,1.279356632905471303e+00,-1.881259607812950374e-01,4.119765344530502138e-01,-9.080576472248198805e-02,6.832530103491719908e-02
4.720816141708114033e-01,1.261529050141823038e+00,-2.155370196736804966e-01,4.321026783854936548e-01,-8.672555646263152562e-02,7.117655797188610078e-02
4.818571513023972019e-01,1.243779718630972697e+00,-2.412985445025991604e-01,4.499408645806440843e-01,-8.254577979069287197e-02,7.379939828318993200e-02
4.906321616807784447e-01,1.226093381360692680e+00,-2.653101547713550556e-01,4.654651566974971622e-01,-7.830732167862723692e-02,7.618783431025089037e-02
4.985295221173497993e-01,1.208475210457293114e+00,-2.875217206718921337e-01,4.786799666317557156e-01,-7.404407625543030225e-02,7.834094123985335667e-02
5.056521159609296268e-01,1.190947492867509894e+00,-3.079257486521057019e-01,4.896149483199329078e-01,-6.978436489699957335e-02,8.026146344676492184e-02
5.120861140918747667e-01,1.173546289423009759e+00,-3.265497686796442478e-01,4.983200654018285491e-01,-6.555206940918544001e-02,8.195475256914577789e-02
5.179039007244844450e-01,1.156318307947363344e+00,-3.434492435882693373e-01,5.048611072411030021e-01,-6.136750957844751275e-02,8.342797633836090965e-02
5.231665633507928126e-01,1.139318111758150787e+00,-3.587012524763283916e-01,5.093157697964355579e-01,-5.724811109919045876e-02,8.468953540073251296e-02
5.279259538502133475e-01,1.122605707145035048e+00,-3.723990265911285569e-01,5.117703184044325448e-01,-5.320890990071402288e-02,8.574863458840427388e-02
5.322263660744659397e-01,1.106244506502190195e+00,-3.846473139037726030e-01,5.123167938624662021e-01,-4.926293293522535782e-02,8.661496676826306584e-02
5.361058873828019600e-01,1.090299638343895872e+00,-3.955584958905371540e-01,5.110506974366052502e-01,-4.542148791955161885e-02,8.729847801135676155e-02
5.395974810202399663e-01,1.074836563967129566e+00,-4.052493592477100504e-01,5.080690833633327852e-01,-4.169438729998178189e-02,8.780919134983593277e-02
5.427298501886876902e-01,1.059919957574952054e+00,-4.138384233543410118e-01,5.034689908805355385e-01,-3.809012554969955916e-02,8.815707283883987555e-02
5.455281269121942112e-01,1.045612808489611023e+00,-4.214437323587816864e-01,4.973461563220824000e-01,-3.461602394830633200e-02,8.835192837477280625e-02
5.480144211369116780e-01,1.031975708242368839e+00,-4.281810331287987381e-01,4.897939559445432245e-01,-3.127835312842609794e-02,8.840332314094570543e-02
5.502082586854993851e-01,1.019066290353535020e+00,-4.341622736181793285e-01,4.809025400107251325e-01,-2.808244072397997684e-02,8.832051799915199841e-02
5.521269309307221818e-01,1.006938795672263076e+00,-4.394943686622497792e-01,4.707581272928418881e-01,-2.503276923306559446e-02,8.811241888485962792e-02
5.537857743435894431e-01,9.956437407973042220e-01,-4.442781909928337214e-01,4.594424362344417534e-01,-2.213306755369764955e-02,8.778753648845488700e-02
5.551983942864068267e-01,9.852276711583259905e-01,-4.486077541088526188e-01,4.470322345186828472e-01,-1.938639843152204639e-02,8.735395435650550322e-02
5.563768444107276556e-01,9.757329837551720342e-01,-4.525695606179709340e-01,4.335989928973797980e-01,-1.679524317209864573e-02,8.681930412819011122e-02
5.573317706389614434e-01,9.671978073585043578e-01,-4.562420949993463148e-01,4.192086320784104703e-01,-1.436158433743406869e-02,8.619074700855555715e-02
5.580725268285644525e-01,9.596559302360265775e-01,-4.596954437102038216e-01,4.039213535007410427e-01,-1.208698670700538054e-02,8.547496082837122144e-02
5.586072677327018621e-01,9.531367672650780110e-01,-4.629910284588921732e-01,3.877915461820881649e-01,-9.972676491903536763e-03,8.467813219214923026e-02
5.589430236947362518e-01,9.476653597079263136e-01,-4.661814405615833379e-01,3.708677627082855310e-01,-8.019618612212169040e-03,8.380595330291119860e-02
5.590857605772956429e-01,9.432624020386789487e-01,-4.693103658201278061e-01,3.531927580129736177e-01,-6.228591755731531510e-03,8.286362309793315895e-02
5.590404276761891111e-01,9.399442910898809789e-01,-4.724125904947218402e-01,3.348035850010933623e-01,-4.600260910117118067e-03,8.185585235111550451e-02
5.588109957631460789e-01,9.377231934919022516e-01,-4.755140798451658046e-01,3.157317413946549856e-01,-3.135247084388456153e-03,8.078687240696962035e-02
5.584004869067661359e-01,9.366071279579083475e-01,-4.786321214876158026e-01,2.960033624881830416e-01,-1.834193996926136282e-03,7.966044721674160611e-02
5.578109973130074284e-01,9.366000594602937879e-01,-4.817755265341669979e-01,2.756394548317567805e-01,-6.978315954664277877e-04,7.847988835409669406e-02
5.570437140854783697e-01,9.377020027805762492e-01,-4.849448821954850941e-01,2.546561662282996741e-01,2.729636177614535187e-04,7.724807269890560102e-02
5.560989265164543172e-01,9.399091333158454686e-01,-4.881328502540628334e-01,2.330650878395996717e-01,1.077111362012582842e-03,7.596746249407541896e-02
5.549760322697856463e-01,9.432139034067072991e-01,-4.913245065626205554e-01,2.108735846325369701e-01,1.713273232630556277e-03,7.464012750188522838e-02
5.536735385968937218e-01,9.476051628253239212e-01,-4.944977174827424604e-01,1.880851508469463251e-01,2.179800878402449703e-03,7.326776901192433300e-02
5.521890585286529651e-01,9.530682824354919092e-01,-4.976235499411065799e-01,1.646997876107820225e-01,2.474686210052316933e-03,7.185174548104972247e-02
5.505193018020754225e-01,9.595852804154343385e-01,-5.006667125309813837e-01,1.407144002487275003e-01,2.595513011354652275e-03,7.039309961518717962e-02
5.486600601049895776e-01,9.671349508225762781e-01,-5.035860258127261568e-01,1.161232132118557719e-01,2.539409186413950532e-03,6.889258673179643466e-02
5.466061860484665580e-01,9.756929946816892407e-01,-5.063349206598409813e-01,9.091820088733895688e-02,2.302998736899985154e-03,6.735070426917871833e-02
5.443515651000166988e-01,9.852321541964029761e-01,-5.088619641518541403e-01,6.508953282228367720e-02,1.882352419858175250e-03,6.576772233369466980e-02
5.418890795252211401e-01,9.957223511212965894e-01,-5.111114131312523012e-01,3.862603211309241502e-02,1.272935887921965766e-03,6.414371519803609145e-02
5.392105631864476667e-01,1.007130830788325992e+00,-5.130237961212421594e-01,1.151564587416063941e-02,4.695539567717310105e-04,6.247859368311808881e-02
5.363067458300705415e-01,1.019422313755974585e+00,-5.145365248486702958e-01,-1.625407318649324528e-02,-5.337105230516561976e-04,6.077213837361884058e-02
5.331671852545354362e-01,1.032559157538129213e+00,-5.155845371362446361e-01,-4.469547498327292728e-02,-1.743564893404631055e-03,5.902403363387506707e-02
5.297801854885033634e-01,1.046501531364565585e+00,-5.161009734225615597e-01,-7.382031091578405979e-02,-3.167583912408705304e-03,5.723390240839249660e-02
5.261326988216111777e-01,1.061207607413725773e+00,-5.160178896353309064e-01,-1.036392242106301820e-01,-4.814298078593326133e-03,5.540134181172885058e-02
5.222102092246042604e-01,1.076633772423277069e+00,-5.152670095737043043e-01,-1.341612325648462722e-01,-6.693295371620651933e-03,5.352595953840152965e-02
5.179965943818292118e-01,1.092734864000133976e+00,-5.137805203309536717e-01,-1.653932039131094101e-01,-8.815338933263408214e-03,5.160741115755136665e-02
5.134739632586553526e-01,1.109464436286507594e+00,-5.114919145763554553e-01,-1.973393261517176478e-01,-1.119250339278304515e-02,4.964543840241208983e-02
5.086224658765474693e-01,1.126775059849490779e+00,-5.083368836635200338e-01,-2.300005716859866711e-01,-1.383833265771916218e-02,4.763990862442864238e-02
5.034200718309050915e-01,1.144618660693541123e+00,-5.042542654639624589e-01,-2.633741577492952346e-01,-1.676802198454438106e-02,4.559085565938593432e-02
4.978423141604796376e-01,1.162946903076487404e+00,-4.991870504257457375e-01,-2.974530036162303936e-01,-1.999862691876098247e-02,4.349852245110191751e-02
4.918619956182361808e-01,1.181711620246935546e+00,-4.930834484637180437e-01,-3.322251861713875210e-01,-2.354930110278239883e-02,4.136340589917213845e-02
4.854488554444247317e-01,1.200865296190624543e+00,-4.858980176669751572e-01,-3.676733959096843973e-01,-2.744156376420819887e-02,3.918630454103021188e-02
4.785691967760897780e-01,1.220361599809838715e+00,-4.775928531316766534e-01,-4.037743964955155529e-01,-3.169959556862737837e-02,3.696836984140994958e-02
4.711854784107367133e-01,1.240155970438977073e+00,-4.681388300331010277e-01,-4.404984927274652740e-01,-3.635055792307861910e-02,3.471116203300756570e-02
4.632558806305149823e-01,1.260206249914009202e+00,-4.575168887023115527e-01,-4.778090144630868785e-01,-4.142492495969085642e-02,3.241671160623789405e-02
4.547338644599607238e-01,1.280473351142981331e+00,-4.457193400964887808e-01,-5.156618281889411293e-01,-4.695680814647247570e-02,3.008758763528478555e-02
4.455677589388263860e-01,1.300921945694050175e+00,-4.327511564686635781e-01,-5.540048940488049301e-01,-5.298423906585371379e-02,2.772697406297836356e-02
4.357004344070717905e-01,1.321521142552062766e+00,-4.186311926951557516e-01,-5.927778950024672477e-01,-5.954935396252881985e-02,2.533875468968075501e-02
4.250691550988044964e-01,1.342245115881601558e+00,-4.033932566245845841e-01,-6.319119772754981934e-01,-6.669839090139773052e-02,2.292760664782610147e-02
4.136057563096334766e-01,1.363073620125484053e+00,-3.870869096067802162e-01,-6.713296583824259756e-01,-7.448136258121160203e-02,2.049910013764244879e-02
4.012373656262492316e-01,1.383992304705974119e+00,-3.697778285925702457e-01,-7.109449816935355937e-01,-8.295120023706598067e-02,1.805979841826732546e-02
3.878879892719594991e-01,1.404992706943219316e+00,-3.515474972071060966e-01,-7.506640251588695412e-01,-9.216207261373719761e-02,1.561734537820231444e-02
3.734814145913117889e-01,1.426071760920795350e+00,-3.324919162344587287e-01,-7.903859052027484289e-01,-1.021664688729782972e-01,1.318051689820300999e-02
3.579460273140709359e-01,1.447230616010676263e+00,-3.127189426309975318e-01,-8.300044500453879204e-01,-1.130105073217057415e-01,1.075919484033828477e-02
3.412222698887664718e-01,1.468472523943675112e+00,-2.923438049387122040e-01,-8.694107372909615217e-01,-1.247268305739058364e-01,8.364197518403044748e-03
3.232734857173695242e-01,1.489799555576192702e+00,-2.714823556724302311e-01,-9.084966723754789308e-01,-1.373244581947665743e-01,6.006869231689458168e-03
3.041006322211780022e-01,1.511208000459920431e+00,-2.502418078660123557e-01,-9.471596805564421739e-01,-1.507752516863381520e-01,3.698302386475332739e-03
2.837605363399232083e-01,1.532682565112857720e+00,-2.287092157623960009e-01,-9.853083266277742336e-01,-1.649974500411279799e-01,1.448062115138222918e-03
2.623857148284268193e-01,1.554190008057426242e+00,-2.069389620891849135e-01,-1.022868193855144270e+00,-1.798383168753656391e-01,-7.376495493460286795e-04
2.402012272185892749e-01,1.575673646867284727e+00,-1.849420290168908854e-01,-1.059786649318657181e+00,-1.950603230155098788e-01,-2.858253009583225108e-03
2.175312605467068783e-01,1.597051027928430900e+00,-1.626814386316503824e-01,-1.096034410087566968e+00,-2.103377671703642315e-01,-4.920969898722490389e-03
1.947870950642228705e-01,1.618217361906482132e+00,-1.400788076717486286e-01,-1.131601651193587355e+00,-2.252714478656287767e-01,-6.941976914121551767e-03
1.724314766398958032e-01,1.639056256588691252e+00,-1.170348770524757970e-01,-1.166487497996270273e+00,-2.394254319897743677e-01,-8.945396788806556088e-03
1.509232854565316917e-01,1.659456495385210451e+00,-9.346152640597329975e-02,-1.200684367077868409e+00,-2.523813125385788725e-01,-1.095948260553871248e-02
1.306570514817883000e-01,1.679330263266798573e+00,-6.931635517751832953e-02,-1.234161662264080306e+00,-2.637953756395471361e-01,-1.301063148128414615e-02
1.119166478627189182e-01,1.698626707218843679e+00,-4.462799411277802025e-02,-1.266854588204776588e+00,-2.734401686292325384e-01,-1.511723117522775078e-02
9.485655109730950496e-02,1.717336564470042015e+00,-1.950388119633905334e-02,-1.298661936272346162e+00,-2.812183798580347172e-01,-1.728567387009619441e-02
7.951128252090990112e-02,1.735487619147718430e+00,5.879929303074037106e-03,-1.329452777658623575e+00,-2.871495344327880117e-01,-1.950977346943316357e-02
6.582313324018994327e-02,1.753134130800280577e+00,3.130072516896898610e-02,-1.359078759364354072e+00,-2.913399084065911304e-01,-2.177315390732435449e-02
5.367545804816018645e-02,1.770344378673755825e+00,5.651466597036801376e-02,-1.387387796452342226e+00,-2.939482822879267987e-01,-2.405312799617249572e-02
4.292223640730508105e-02,1.787189474379499154e+00,8.127961649118566057e-02,-1.414235998890129187e+00,-2.951564292775756826e-01,-2.632457100999684857e-02
3.340979118860629149e-02,1.803734966270338802e+00,1.053722327284349891e-01,-1.439496335170617813e+00,-2.951480052931925724e-01,-2.856289899164790938e-02
2.499044628442957314e-02,1.820035469314938315e+00,1.285988193184162687e-01,-1.463063852378045038e+00,-2.940957236504817551e-01,-3.074591305436952943e-02
1.752976831302883315e-02,1.836131871781095493e+00,1.508008554252265598e-01,-1.484857976568383142e+00,-2.921549649849946584e-01,-3.285467234271837594e-02
1.090943648524032167e-02,1.852050455528629902e+00,1.718565344046521226e-01,-1.504822644422526778e+00,-2.894616772359488444e-01,-3.487369782698433729e-02
5.027478860848179354e-03,1.867803301057985088e+00,1.916796085619505985e-01,-1.522924984710520402e+00,-2.861327908368530015e-01,-3.679079057448603196e-02
-2.028850040277805570e-04,1.883389474429008947e+00,2.102165846219331002e-01,-1.539153134389831923e+00,-2.822679067117541685e-01,-3.859667068605116685e-02
-4.855005775371795326e-03,1.898796629840835637e+00,2.274430405686084788e-01,-1.553513622976097519e+00,-2.779514806548771255e-01,-4.028456370120102326e-02
-8.990713189006556069e-03,1.914002777881309569e+00,2.433595953187855931e-01,-1.566028624995641660e+00,-2.732550645396019107e-01,-4.184980145263339502e-02
-1.266213271246250695e-02,1.928978058355905745e+00,2.579878759865445459e-01,-1.576733273999796570e+00,-2.682393826167532302e-01,-4.328946632612576395e-02
-1.591330250186686474e-02,1.943686420702145368e+00,2.713666905980185451e-01,-1.585673152543920716e+00,-2.629561508462858743e-01,-4.460208671750700432e-02
-1.878155727294080618e-02,1.958087159302124736e+00,2.835485183795985464e-01,-1.592902016792838937e+00,-2.574496187016583892e-01,-4.578738123857793024e-02
-2.129868410781542154e-02,1.972136280463353319e+00,2.945963658076058422e-01,-1.598479777215594311e+00,-2.517578487674317356e-01,-4.684604523171545520e-02
-2.349187276560930210e-02,1.985787696564247584e+00,3.045809961654332154e-01,-1.602470733597783248e+00,-2.459137648336106596e-01,-4.777957234291117100e-02
-2.538448912044756478e-02,1.998994254064223153e+00,3.135785165990698786e-01,-1.604942049380743141e+00,-2.399460034835658173e-01,-4.859010449628530653e-02
-2.699670050182431669e-02,2.011708608169360701e+00,3.216682942829766079e-01,-1.605962443942704265e+00,-2.338796029250279629e-01,-4.928030467992547403e-02
-2.834597914044765729e-02,2.023883959682937217e+00,3.289311683237932660e-01,-1.605601079424018529e+00,-2.277365591453311133e-01,-4.985324806027983252e-02
-2.944750635529106222e-02,2.035474670206725900e+00,3.354479235667347514e-01,-1.603926619286559774e+00,-2.215362750476759235e-01,-5.031232792053264014e-02
-3.031449643663680638e-02,2.046436771258349996e+00,3.412979945372737189e-01,-1.601006437753269562e+00,-2.152959238728854030e-01,-5.066117372341284036e-02
-3.095845579417900659e-02,2.056728381611138357e+00,3.465583710275460527e-01,-1.596905961789509165e+00,-2.090307442964891849e-01,-5.090357923905517584e-02
-3.138939000308673538e-02,2.066310045619577096e+00,3.513026804913840784e-01,-1.591688129868708890e+00,-2.027542812351529611e-01,-5.104343917889469368e-02
-3.161596891926032882e-02,2.075145003695749502e+00,3.556004259570587633e-01,-1.585412954136482311e+00,-1.964785835996069596e-01,-5.108469316367822421e-02
-3.164565801261537414e-02,2.083199404582410263e+00,3.595163613490059418e-01,-1.578137174623268413e+00,-1.902143679397979847e-01,-5.103127615033904718e-02
-3.148482242561090327e-02,2.090442467694131334e+00,3.631099888266124953e-01,-1.569913995822614039e+00,-1.839711550701561282e-01,-5.088707466692946740e-02
-3.113880894037750549e-02,2.096846602595389353e+00,3.664351649901088637e-01,-1.560792897272433200e+00,-1.777573852658899389e-01,-5.065588837136071609e-02
-3.061200997287732289e-02,2.102387491654293061e+00,3.695398046139558579e-01,-1.550819510800526047e+00,-1.715805164191752941e-01,-5.034139656978169758e-02
-2.990791285536127317e-02,2.107044141039124074e+00,3.724656720155859468e-01,-1.540035557884899431e+00,-1.654471085805639674e-01,-4.994712941340766904e-02
-2.902913697618995925e-02,2.110798904491050454e+00,3.752482513286042876e-01,-1.528478841195475724e+00,-1.593628975391612190e-01,-4.947644354638781189e-02
-2.797746078395261030e-02,2.113637483686872987e+00,3.779166878981159439e-01,-1.516183284881428728e+00,-1.533328594771297404e-01,-4.893250200865326138e-02
-2.675384020271954350e-02,2.115548908477567824e+00,3.804937938158292066e-01,-1.503179018592392113e+00,-1.473612682393496687e-01,-4.831825821244940811e-02
-2.535841962489931642e-02,2.116525499831046986e+00,3.829961113155626040e-01,-1.489492500605587244e+00,-1.414517463631890237e-01,-4.763644381439405273e-02
-2.379053632988936684e-02,2.116562817903465898e+00,3.854340283939687861e-01,-1.475146675796870532e+00,-1.356073106968140318e-01,-4.688956030055728419e-02
-2.204871890655193956e-02,2.115659597298448880e+00,3.878119416322088342e-01,-1.460161164554298674e+00,-1.298304131816356011e-01,-4.607987409355557284e-02
-2.013068002445416241e-02,2.113817671237001594e+00,3.901284617864589355e-01,-1.444552479092355624e+00,-1.241229771727155318e-01,-4.520941498054379531e-02
-1.803330369396870941e-02,2.111041886044728866e+00,3.923766582941583536e-01,-1.428334263981685615e+00,-1.184864295099392617e-01,-4.427997765109640410e-02
-1.575262697166532333e-02,2.107340007061865528e+00,3.945443394079921617e-01,-1.411517558057072019e+00,-1.129217284240055519e-01,-4.329312612545696548e-02
-1.328381589921676965e-02,2.102722616791979249e+00,3.966143652157532173e-01,-1.394111075197358218e+00,-1.074293872577024717e-01,-4.225020084709926738e-02
-1.062113530666828828e-02,2.097203005824947564e+00,3.985649913243053954e-01,-1.376121501776209399e+00,-1.020094938985387084e-01,-4.115232820910725425e-02
-7.757911960681080840e-03,2.090797056797874642e+00,4.003702414721670433e-01,-1.357553808853950494e+00,-9.666172574846564058e-02,-4.000043228129937511e-02
-4.686490392442663189e-03,2.083523121393830113e+00,4.020003077805854308e-01,-1.338411577411524833e+00,-9.138535999575078672e-02,-3.879524850377986250e-02
-1.398180596474661065e-03,2.075401890123235837e+00,4.034219777513009531e-01,-1.318697335113274027e+00,-8.617927889924477391e-02,-3.753733911199012147e-02
2.116803350145457334e-03,2.066456254387871283e+00,4.045990874655650549e-01,-1.298412903223189696e+00,-8.104196974306471235e-02,-3.622711005753669750e-02
5.869414837763155604e-03,2.056711160095413771e+00,4.054930007291347449e-01,-1.277559752388857106e+00,-7.597151906737137361e-02,-3.486482918719713275e-02
9.871857666493583788e-03,2.046193451877289071e+00,4.060631141374955178e-01,-1.256139366049222827e+00,-7.096560072631788452e-02,-3.345064543862270173e-02
1.413768172599011441e-02,2.034931706770523707e+00,4.062673881986298974e-01,-1.234153610217898489e+00,-6.602145726597442865e-02,-3.198460880441079263e-02
1.868189285734773303e-02,2.022956056064066921e+00,4.060629047383886858e-01,-1.211605108344002923e+00,-6.113587405264325064e-02,-3.046669080543147265e-02
2.352107840225729080e-02,2.010297993893904067e+00,4.054064508121139609e-01,-1.188497619857102672e+00,-5.630514551638859944e-02,-2.889680519856023533e-02
2.867354993930399526e-02,1.996990171115768931e+00,4.042551292344859215e-01,-1.164836420858393673e+00,-5.152503280875921771e-02,-2.727482862228329877e-02
3.415950459664420652e-02,1.983066173011409417e+00,4.025669955862959393e-01,-1.140628685219210903e+00,-4.679071211353996035e-02,-2.560062085504107715e-02
4.000120605512082206e-02,1.968560279523139833e+00,4.003017211169702660e-01,-1.115883864076230303e+00,-4.209671280545325411e-02,-2.387404432487118255e-02
4.622318582962636757e-02,1.953507206999686607e+00,3.974212802718533610e-01,-1.090614061347558339e+00,-3.743684464141597279e-02,-2.209498246454837458e-02
5.285246451364598863e-02,1.937941830923486597e+00,3.938906605460790744e-01,-1.064834402400793856e+00,-3.280411321989449430e-02,-2.026335645454920356e-02
5.991879121197350028e-02,1.921898889840107705e+00,3.896785908830465717e-01,-1.038563392333081037e+00,-2.819062309902970603e-02,-1.837913983909295751e-02
6.745489711264507360e-02,1.905412671808810687e+00,3.847582827341099465e-01,-1.011823259403961117e+00,-2.358746828900846332e-02,-1.644237044368149908e-02
7.549675569903939454e-02,1.888516686250337528e+00,3.791081749617129515e-01,-9.846402778983052162e-01,-1.898461042697450335e-02,-1.445315897688789417e-02
8.408383697295376824e-02,1.871243326229321102e+00,3.727126697156989410e-01,-9.570450629598756809e-01,-1.437074594910201994e-02,-1.241169368466338123e-02
9.325933555992657609e-02,1.853623529164121875e+00,3.655628408696001697e-01,-9.290728275572988082e-01,-9.733165206155065460e-03,-1.031824047700015574e-02
1.030703417782576764e-01,1.835686447950457989e+00,3.576570890947823322e-01,-9.007635885087461602e-01,-5.057609028512176363e-03,-8.173138122637580577e-03
1.135679094855780030e-01,1.817459149821393005e+00,3.490017075892502540e-01,-8.721623041379105157e-01,-3.281321556844818757e-04,-5.976788501568135355e-03
1.248069533236783601e-01,1.798966367304241309e+00,3.396113091866951872e-01,-8.433189203660963473e-01,4.473011229612230966e-03,-3.729642663661581880e-03
1.368458792658851786e-01,1.780230334753234889e+00,3.295090483587896357e-01,-8.142882945752999424e-01,9.365436159886029316e-03,-1.432184783460147643e-03
1.497458147164143771e-01,1.761270755434927837e+00,3.187265499887133591e-01,-7.851299572268557458e-01,1.437061409048659422e-02,9.150816640757998728e-04
1.635692573478728928e-01,1.742104958021576167e+00,3.073034308660279601e-01,-7.559076601365350978e-01,1.951172678523269491e-02,3.311637649533511266e-03
1.783779073914792124e-01,1.722748316868921492e+00,2.952862712508028675e-01,-7.266886483740703229e-01,2.481331408219220741e-02,5.756929111375753277e-03
1.942293934307478265e-01,1.703215025354850365e+00,2.827268672095541446e-01,-6.975425823170007256e-01,3.030061787427756892e-02,8.250303706568469161e-03
2.111725637525856403e-01,1.683519320766471372e+00,2.696795798146782719e-01,-6.685400323908722298e-01,3.599849917117350917e-02,1.079087383292751980e-02
2.292410265891403898e-01,1.663677253105776854e+00,2.561976135687158429e-01,-6.397504805525147109e-01,4.192978722297329569e-02,1.337726587397694046e-02
2.484447376675193719e-01,1.643709052737559073e+00,2.423281344517635993e-01,-6.112398043001627812e-01,4.811292536695804117e-02,1.600720863091935689e-02
2.687597296396048163e-01,1.623642060447345825e+00,2.281063208596861014e-01,-5.830673110870652209e-01,5.455883372454109481e-02,1.867691793250099430e-02
2.901166387450335171e-01,1.603514013941435001e+00,2.135487738883409814e-01,-5.552825541832079326e-01,6.126704897307207881e-02,2.138026258510534669e-02
3.123895472401623241e-01,1.583376226620865301e+00,1.986472148098811785e-01,-5.279224018223505066e-01,6.822145731116877054e-02,2.410776553561376490e-02
3.353877168730226010e-01,1.563295880924306491e+00,1.833639998368463697e-01,-5.010091143908816935e-01,7.538630511682595237e-02,2.684561358179317694e-02
3.588536605266767210e-01,1.543356403501925600e+00,1.676314629088834218e-01,-4.745503984773108419e-01,8.270356677472877338e-02,2.957500287175556658e-02
3.824710076935510239e-01,1.523654896281662285e+00,1.513570624250243357e-01,-4.485423585811306735e-01,9.009296618108958432e-02,3.227226816776530838e-02
4.058840430633033347e-01,1.504296081949067831e+00,1.344353413474920211e-01,-4.229757562562211914e-01,9.745570781275357530e-02,3.491021092237458351e-02
4.287274961320423072e-01,1.485383225540901186e+00,1.167657349983750315e-01,-3.978449832114683837e-01,1.046821025819101580e-01,3.746074393727633067e-02
4.506611982618082823e-01,1.467007695206337559e+00,9.827290306857491831e-02,-3.731579821961517607e-01,1.116619602738648936e-01,3.989843473808152990e-02
4.714016859423221795e-01,1.449239597887150843e+00,7.892474892782079532e-02,-3.489446300401088386e-01,1.182954751470114974e-01,4.220400323412320381e-02
4.907434521386333515e-01,1.432121744428110688e+00,5.874365819826282697e-02,-3.252613529161401118e-01,1.245020432885031447e-01,4.436666863620134654e-02
5.085661966477662554e-01,1.415668095759358813e+00,3.780868835970869341e-02,-3.021909350489423995e-01,1.302252335675418426e-01,4.638462126637838551e-02
5.248290564023206928e-01,1.399866422564171042e+00,1.624928146040936772e-02,-2.798379796851894197e-01,1.354335229023044818e-01,4.826362025127867161e-02
5.395560700006236665e-01,1.384683877426106990e+00,-5.766848645556216756e-03,-2.583215490461405195e-01,1.401176421386084447e-01,5.001436507122265784e-02
5.528180235108922647e-01,1.370073852518308932e+00,-2.804834105682190576e-02,-2.377668092605785266e-01,1.442859723069234990e-01,5.164954577038935457e-02
5.647148338929466327e-01,1.355982749171989576e+00,-5.039452046269821822e-02,-2.182971802271382322e-01,1.479593758828004479e-01,5.318132897519649294e-02
5.753608891811483605e-01,1.342355791510311480e+00,-7.260766034742713315e-02,-2.000278994898403995e-01,1.511664315650067536e-01,5.461968184413914379e-02
5.848741898235807479e-01,1.329141503536257263e+00,-9.450239402829915814e-02,-1.830613532862173654e-01,1.539395647586667415e-01,5.597158905845485422e-02
5.933691083554796242e-01,1.316294813185972634e+00,-1.159121979468416552e-01,-1.674841426636576036e-01,1.563121995119851615e-01,5.724099547612860467e-02
6.009520974470308197e-01,1.303778937577543706e+00,-1.366932678047891592e-01,-1.533656455651106199e-01,1.583168425644984056e-01,5.842922230833957897e-02
6.077195604398071271e-01,1.291566280829463231e+00,-1.567262724667488338e-01,-1.407577590152918057e-01,1.599839183896776262e-01,5.953561642644011886e-02
6.137571781801881565e-01,1.279638585284002428e+00,-1.759164951723194148e-01,-1.296955053944499059e-01,1.613411593730647853e-01,6.055825047176008336e-02
6.191401379554103412e-01,1.267986553025127749e+00,-1.941928256262640262e-01,-1.201982238139820691e-01,1.624133786112215427e-01,6.149455897210991118e-02
6.239338665698336284e-01,1.256609117977484757e+00,-2.115059921602343573e-01,-1.122711181260721558e-01,1.632224892029643382e-01,6.234185311563558013e-02
6.281950008671677299e-01,1.245512510498002490e+00,-2.278263430131858835e-01,-1.059069846695616796e-01,1.637876701182969241e-01,6.309769761092411111e-02
6.319724279991346672e-01,1.234709221257182188e+00,-2.431414108702750487e-01,-1.010879896160128272e-01,1.641256092453829418e-01,6.376015783515107116e-02
6.353082972319664679e-01,1.224216941301712991e+00,-2.574534299137233306e-01,-9.778740535736284156e-02,1.642507776950173637e-01,6.432793784193495401e-02
6.382389512279895705e-01,1.214057530921724082e+00,-2.707769213229272443e-01,-9.597124718928636000e-02,1.641757064674088107e-01,6.480043383379002764e-02
6.407957538869555325e-01,1.204256051015871964e+00,-2.831364212560481541e-01,-9.559977595556511110e-02,1.639112484007912707e-01,6.517772682501452031e-02
6.430058092863598640e-01,1.194839876422270963e+00,-2.945643937785893396e-01,-9.662885018730124620e-02,1.634668162243674838e-01,6.546053490390675578e-02
6.448925760224326620e-01,1.185837900400352085e+00,-3.050993484538773171e-01,-9.901112368226924754e-02,1.628505926425607986e-01,6.565014134295044101e-02
6.464763861545644863e-01,1.177279832333064880e+00,-3.147841667084139150e-01,-1.026970925566946247e-01,1.620697115498619945e-01,6.574831071880017641e-02
